user_id,total_orders,total_products,total_reorders,avg_products_per_order,reorder_ratio
1,11,70,51,6.363636363636363,0.7285714285714285
2,15,226,105,15.066666666666666,0.4646017699115044
3,12,88,55,7.333333333333333,0.625
4,5,18,1,3.6,0.05555555555555555
5,5,46,18,9.2,0.391304347826087
6,3,14,2,4.666666666666667,0.14285714285714285
7,21,215,146,10.238095238095237,0.6790697674418604
8,4,67,17,16.75,0.2537313432835821
9,4,98,40,24.5,0.40816326530612246
10,6,147,49,24.5,0.3333333333333333
11,7,94,33,13.428571428571429,0.35106382978723405
12,5,74,13,14.8,0.17567567567567569
13,13,86,56,6.615384615384615,0.6511627906976745
14,14,221,76,15.785714285714286,0.3438914027149321
15,22,72,59,3.272727272727273,0.8194444444444444
16,6,70,24,11.666666666666666,0.34285714285714286
17,41,300,214,7.317073170731708,0.7133333333333334
18,7,50,15,7.142857142857143,0.3
19,9,204,71,22.666666666666668,0.3480392156862745
20,4,22,15,5.5,0.6818181818181818
21,34,211,108,6.205882352941177,0.5118483412322274
22,15,69,35,4.6,0.5072463768115942
23,5,52,10,10.4,0.19230769230769232
24,19,39,21,2.0526315789473686,0.5384615384615384
25,3,21,2,7.0,0.09523809523809523
26,12,56,22,4.666666666666667,0.39285714285714285
27,82,785,562,9.573170731707316,0.7159235668789808
28,24,183,77,7.625,0.4207650273224044
29,19,242,175,12.736842105263158,0.7231404958677686
30,9,12,6,1.3333333333333333,0.5
31,20,299,109,14.95,0.36454849498327757
32,5,114,34,22.8,0.2982456140350877
33,3,53,19,17.666666666666668,0.3584905660377358
34,6,37,9,6.166666666666667,0.24324324324324326
35,9,184,94,20.444444444444443,0.5108695652173914
36,37,153,98,4.135135135135135,0.6405228758169934
37,24,200,89,8.333333333333334,0.445
38,13,214,117,16.46153846153846,0.5467289719626168
39,7,141,73,20.142857142857142,0.5177304964539007
40,9,104,68,11.555555555555555,0.6538461538461539
41,6,80,22,13.333333333333334,0.275
42,17,140,79,8.235294117647058,0.5642857142857143
43,12,180,79,15.0,0.4388888888888889
44,4,43,7,10.75,0.16279069767441862
45,4,18,1,4.5,0.05555555555555555
46,20,163,101,8.15,0.6196319018404908
47,6,32,5,5.333333333333333,0.15625
48,11,126,60,11.454545454545455,0.47619047619047616
49,9,53,3,5.888888888888889,0.05660377358490566
50,68,459,370,6.75,0.8061002178649237
51,3,29,5,9.666666666666666,0.1724137931034483
52,28,180,123,6.428571428571429,0.6833333333333333
53,4,48,3,12.0,0.0625
54,77,619,369,8.03896103896104,0.5961227786752827
55,8,100,52,12.5,0.52
56,13,154,101,11.846153846153847,0.6558441558441559
57,14,72,41,5.142857142857143,0.5694444444444444
58,15,97,32,6.466666666666667,0.32989690721649484
59,11,113,44,10.272727272727273,0.3893805309734513
60,8,67,22,8.375,0.3283582089552239
61,4,87,8,21.75,0.09195402298850575
62,11,96,35,8.727272727272727,0.3645833333333333
63,40,518,319,12.95,0.6158301158301158
64,11,151,92,13.727272727272727,0.609271523178808
65,15,140,58,9.333333333333334,0.4142857142857143
66,7,30,8,4.285714285714286,0.26666666666666666
67,25,84,61,3.36,0.7261904761904762
68,6,70,19,11.666666666666666,0.2714285714285714
69,5,50,20,10.0,0.4
70,14,105,34,7.5,0.3238095238095238
71,24,462,351,19.25,0.7597402597402597
72,13,49,33,3.769230769230769,0.673469387755102
73,7,24,8,3.4285714285714284,0.3333333333333333
74,6,53,7,8.833333333333334,0.1320754716981132
75,23,311,212,13.521739130434783,0.6816720257234726
76,10,35,9,3.5,0.2571428571428571
77,12,203,75,16.916666666666668,0.3694581280788177
78,7,44,5,6.285714285714286,0.11363636363636363
79,8,103,54,12.875,0.5242718446601942
80,13,139,87,10.692307692307692,0.6258992805755396
81,8,30,8,3.75,0.26666666666666666
82,20,138,109,6.9,0.7898550724637681
83,7,42,16,6.0,0.38095238095238093
84,9,76,22,8.444444444444445,0.2894736842105263
85,7,30,14,4.285714285714286,0.4666666666666667
86,18,284,148,15.777777777777779,0.5211267605633803
87,28,183,122,6.535714285714286,0.6666666666666666
88,8,14,8,1.75,0.5714285714285714
89,21,253,171,12.047619047619047,0.6758893280632411
90,72,675,598,9.375,0.8859259259259259
91,16,245,150,15.3125,0.6122448979591837
92,5,20,6,4.0,0.3
93,15,39,5,2.6,0.1282051282051282
94,9,56,11,6.222222222222222,0.19642857142857142
95,9,162,58,18.0,0.35802469135802467
96,17,154,93,9.058823529411764,0.6038961038961039
97,6,55,6,9.166666666666666,0.10909090909090909
98,14,50,23,3.5714285714285716,0.46
99,19,226,93,11.894736842105264,0.41150442477876104
100,5,27,7,5.4,0.25925925925925924
101,20,170,84,8.5,0.49411764705882355
102,7,76,32,10.857142857142858,0.42105263157894735
103,18,78,37,4.333333333333333,0.47435897435897434
104,6,29,11,4.833333333333333,0.3793103448275862
105,8,18,7,2.25,0.3888888888888889
106,4,58,14,14.5,0.2413793103448276
107,15,130,58,8.666666666666666,0.4461538461538462
108,8,78,35,9.75,0.44871794871794873
109,7,86,33,12.285714285714286,0.38372093023255816
110,21,369,212,17.571428571428573,0.5745257452574526
111,8,80,17,10.0,0.2125
112,27,159,92,5.888888888888889,0.5786163522012578
113,6,7,5,1.1666666666666667,0.7142857142857143
114,5,86,41,17.2,0.47674418604651164
115,13,92,20,7.076923076923077,0.21739130434782608
116,7,30,6,4.285714285714286,0.2
117,12,129,58,10.75,0.4496124031007752
118,28,169,119,6.035714285714286,0.7041420118343196
119,4,37,13,9.25,0.35135135135135137
120,4,8,3,2.0,0.375
121,11,60,35,5.454545454545454,0.5833333333333334
122,29,120,72,4.137931034482759,0.6
123,11,74,42,6.7272727272727275,0.5675675675675675
124,9,88,37,9.777777777777779,0.42045454545454547
125,14,201,97,14.357142857142858,0.48258706467661694
126,10,105,47,10.5,0.44761904761904764
127,17,305,163,17.941176470588236,0.5344262295081967
128,12,101,25,8.416666666666666,0.24752475247524752
129,11,64,31,5.818181818181818,0.484375
130,4,46,12,11.5,0.2608695652173913
131,10,67,39,6.7,0.582089552238806
132,25,122,75,4.88,0.6147540983606558
133,20,544,276,27.2,0.5073529411764706
134,6,47,21,7.833333333333333,0.44680851063829785
135,5,38,15,7.6,0.39473684210526316
136,4,47,6,11.75,0.1276595744680851
137,6,72,47,12.0,0.6527777777777778
138,33,149,94,4.515151515151516,0.6308724832214765
139,5,17,6,3.4,0.35294117647058826
140,77,1174,868,15.246753246753247,0.7393526405451448
141,4,41,6,10.25,0.14634146341463414
142,46,374,303,8.130434782608695,0.8101604278074866
143,15,236,115,15.733333333333333,0.4872881355932203
144,8,29,18,3.625,0.6206896551724138
145,9,75,39,8.333333333333334,0.52
146,41,388,249,9.463414634146341,0.6417525773195877
147,14,76,50,5.428571428571429,0.6578947368421053
148,8,110,22,13.75,0.2
149,15,228,117,15.2,0.5131578947368421
150,32,290,135,9.0625,0.46551724137931033
151,11,164,44,14.909090909090908,0.2682926829268293
152,65,696,539,10.707692307692307,0.7744252873563219
153,19,267,177,14.052631578947368,0.6629213483146067
154,35,620,413,17.714285714285715,0.6661290322580645
155,23,244,194,10.608695652173912,0.7950819672131147
156,3,18,7,6.0,0.3888888888888889
157,5,52,18,10.4,0.34615384615384615
158,5,31,4,6.2,0.12903225806451613
159,4,53,20,13.25,0.37735849056603776
160,13,285,156,21.923076923076923,0.5473684210526316
161,21,280,146,13.333333333333334,0.5214285714285715
162,14,87,21,6.214285714285714,0.2413793103448276
163,12,86,29,7.166666666666667,0.3372093023255814
164,11,200,150,18.181818181818183,0.75
165,7,92,42,13.142857142857142,0.45652173913043476
166,6,28,5,4.666666666666667,0.17857142857142858
167,6,72,16,12.0,0.2222222222222222
168,22,140,49,6.363636363636363,0.35
169,7,96,12,13.714285714285714,0.125
170,3,8,1,2.6666666666666665,0.125
171,7,70,29,10.0,0.4142857142857143
172,6,20,6,3.3333333333333335,0.3
173,45,431,189,9.577777777777778,0.4385150812064965
174,28,178,92,6.357142857142857,0.5168539325842697
175,24,131,38,5.458333333333333,0.2900763358778626
176,7,50,12,7.142857142857143,0.24
177,14,48,24,3.4285714285714284,0.5
178,6,61,15,10.166666666666666,0.2459016393442623
179,6,38,10,6.333333333333333,0.2631578947368421
180,6,222,107,37.0,0.481981981981982
181,10,96,44,9.6,0.4583333333333333
182,26,204,135,7.846153846153846,0.6617647058823529
183,5,103,27,20.6,0.2621359223300971
184,12,179,98,14.916666666666666,0.547486033519553
185,7,41,6,5.857142857142857,0.14634146341463414
186,7,54,16,7.714285714285714,0.2962962962962963
187,33,214,150,6.484848484848484,0.7009345794392523
188,5,72,21,14.4,0.2916666666666667
189,12,64,29,5.333333333333333,0.453125
190,17,160,69,9.411764705882353,0.43125
191,5,30,3,6.0,0.1
192,6,50,33,8.333333333333334,0.66
193,6,40,4,6.666666666666667,0.1
194,9,90,34,10.0,0.37777777777777777
195,59,191,153,3.23728813559322,0.8010471204188482
196,3,3,1,1.0,0.3333333333333333
197,21,479,304,22.80952380952381,0.6346555323590815
198,6,53,17,8.833333333333334,0.32075471698113206
199,4,25,11,6.25,0.44
200,9,172,84,19.11111111111111,0.4883720930232558
201,8,56,18,7.0,0.32142857142857145
202,13,365,199,28.076923076923077,0.5452054794520548
203,4,12,7,3.0,0.5833333333333334
204,59,536,346,9.084745762711865,0.6455223880597015
205,13,57,35,4.384615384615385,0.6140350877192983
206,29,185,97,6.379310344827586,0.5243243243243243
207,3,22,6,7.333333333333333,0.2727272727272727
208,19,98,55,5.157894736842105,0.5612244897959183
209,20,325,273,16.25,0.84
210,100,1498,1264,14.98,0.8437917222963952
211,5,76,25,15.2,0.32894736842105265
212,13,32,13,2.4615384615384617,0.40625
213,6,81,10,13.5,0.12345679012345678
214,28,515,311,18.392857142857142,0.6038834951456311
215,6,45,4,7.5,0.08888888888888889
216,17,339,250,19.941176470588236,0.7374631268436578
217,12,100,25,8.333333333333334,0.25
218,7,7,5,1.0,0.7142857142857143
219,34,427,265,12.558823529411764,0.6206088992974239
220,17,119,75,7.0,0.6302521008403361
221,23,231,168,10.043478260869565,0.7272727272727273
222,71,491,354,6.915492957746479,0.7209775967413442
223,50,646,499,12.92,0.7724458204334366
224,4,30,10,7.5,0.3333333333333333
225,11,60,34,5.454545454545454,0.5666666666666667
226,22,234,160,10.636363636363637,0.6837606837606838
227,31,562,348,18.129032258064516,0.6192170818505338
228,4,50,13,12.5,0.26
229,18,197,141,10.944444444444445,0.7157360406091371
230,11,73,42,6.636363636363637,0.5753424657534246
231,4,83,43,20.75,0.5180722891566265
232,36,445,351,12.36111111111111,0.7887640449438202
233,25,478,364,19.12,0.7615062761506276
234,42,550,323,13.095238095238095,0.5872727272727273
235,22,205,105,9.318181818181818,0.5121951219512195
236,45,515,204,11.444444444444445,0.39611650485436894
237,8,69,13,8.625,0.18840579710144928
238,7,259,116,37.0,0.44787644787644787
239,6,56,11,9.333333333333334,0.19642857142857142
240,6,17,5,2.8333333333333335,0.29411764705882354
241,14,124,42,8.857142857142858,0.3387096774193548
242,17,139,65,8.176470588235293,0.4676258992805755
243,28,363,250,12.964285714285714,0.6887052341597796
244,7,43,4,6.142857142857143,0.09302325581395349
245,6,58,20,9.666666666666666,0.3448275862068966
246,5,33,8,6.6,0.24242424242424243
247,5,31,7,6.2,0.22580645161290322
248,58,392,313,6.758620689655173,0.798469387755102
249,10,44,30,4.4,0.6818181818181818
250,12,118,85,9.833333333333334,0.7203389830508474
251,10,77,37,7.7,0.4805194805194805
252,5,67,13,13.4,0.19402985074626866
253,4,26,5,6.5,0.19230769230769232
254,11,105,40,9.545454545454545,0.38095238095238093
255,5,87,33,17.4,0.3793103448275862
256,19,232,131,12.210526315789474,0.5646551724137931
257,20,121,55,6.05,0.45454545454545453
258,25,218,115,8.72,0.5275229357798165
259,4,20,2,5.0,0.1
260,18,108,74,6.0,0.6851851851851852
261,9,86,11,9.555555555555555,0.12790697674418605
262,46,266,120,5.782608695652174,0.45112781954887216
263,3,24,8,8.0,0.3333333333333333
264,30,715,504,23.833333333333332,0.7048951048951049
265,7,28,9,4.0,0.32142857142857145
266,5,30,4,6.0,0.13333333333333333
267,10,339,184,33.9,0.5427728613569321
268,9,67,7,7.444444444444445,0.1044776119402985
269,3,67,5,22.333333333333332,0.07462686567164178
270,23,73,44,3.1739130434782608,0.6027397260273972
271,16,18,14,1.125,0.7777777777777778
272,10,73,29,7.3,0.3972602739726027
273,20,118,55,5.9,0.4661016949152542
274,14,188,54,13.428571428571429,0.2872340425531915
275,14,163,68,11.642857142857142,0.4171779141104294
276,9,62,30,6.888888888888889,0.4838709677419355
277,3,23,5,7.666666666666667,0.21739130434782608
278,69,268,212,3.8840579710144927,0.7910447761194029
279,14,100,23,7.142857142857143,0.23
280,42,541,400,12.880952380952381,0.7393715341959335
281,30,303,179,10.1,0.5907590759075908
282,4,29,4,7.25,0.13793103448275862
283,6,42,12,7.0,0.2857142857142857
284,17,371,254,21.823529411764707,0.6846361185983828
285,5,45,8,9.0,0.17777777777777778
286,4,28,1,7.0,0.03571428571428571
287,14,18,11,1.2857142857142858,0.6111111111111112
288,4,30,6,7.5,0.2
289,50,716,609,14.32,0.8505586592178771
290,51,1590,1042,31.176470588235293,0.6553459119496855
291,5,18,2,3.6,0.1111111111111111
292,8,131,71,16.375,0.5419847328244275
293,9,131,66,14.555555555555555,0.5038167938931297
294,16,114,62,7.125,0.543859649122807
295,24,279,221,11.625,0.7921146953405018
296,7,43,3,6.142857142857143,0.06976744186046512
297,11,49,18,4.454545454545454,0.3673469387755102
298,4,67,36,16.75,0.5373134328358209
299,9,64,15,7.111111111111111,0.234375
300,39,295,126,7.564102564102564,0.4271186440677966
301,18,148,52,8.222222222222221,0.35135135135135137
302,10,76,10,7.6,0.13157894736842105
303,8,13,3,1.625,0.23076923076923078
304,43,284,222,6.604651162790698,0.7816901408450704
305,5,51,13,10.2,0.2549019607843137
306,25,124,72,4.96,0.5806451612903226
307,34,171,140,5.029411764705882,0.8187134502923976
308,3,11,0,3.6666666666666665,0.0
309,26,322,143,12.384615384615385,0.4440993788819876
310,100,497,352,4.97,0.7082494969818913
311,15,61,39,4.066666666666666,0.639344262295082
312,4,29,13,7.25,0.4482758620689655
313,100,793,663,7.93,0.8360655737704918
314,6,12,2,2.0,0.16666666666666666
315,5,47,16,9.4,0.3404255319148936
316,21,190,91,9.047619047619047,0.4789473684210526
317,5,43,4,8.6,0.09302325581395349
318,7,7,6,1.0,0.8571428571428571
319,9,64,19,7.111111111111111,0.296875
320,5,142,26,28.4,0.18309859154929578
321,33,478,326,14.484848484848484,0.6820083682008368
322,15,158,90,10.533333333333333,0.569620253164557
323,72,1061,831,14.73611111111111,0.7832233741753063
324,12,99,36,8.25,0.36363636363636365
325,8,103,42,12.875,0.4077669902912621
326,6,50,28,8.333333333333334,0.56
327,64,745,498,11.640625,0.6684563758389261
328,13,129,66,9.923076923076923,0.5116279069767442
329,9,56,9,6.222222222222222,0.16071428571428573
330,8,41,18,5.125,0.43902439024390244
331,8,39,6,4.875,0.15384615384615385
332,12,234,130,19.5,0.5555555555555556
333,8,42,24,5.25,0.5714285714285714
334,64,847,632,13.234375,0.7461629279811098
335,6,44,1,7.333333333333333,0.022727272727272728
336,11,42,20,3.8181818181818183,0.47619047619047616
337,13,273,117,21.0,0.42857142857142855
338,5,26,7,5.2,0.2692307692307692
339,3,29,5,9.666666666666666,0.1724137931034483
340,6,65,20,10.833333333333334,0.3076923076923077
341,12,216,110,18.0,0.5092592592592593
342,17,147,50,8.647058823529411,0.3401360544217687
343,5,26,4,5.2,0.15384615384615385
344,9,25,13,2.7777777777777777,0.52
345,4,15,4,3.75,0.26666666666666666
346,7,39,16,5.571428571428571,0.41025641025641024
347,3,13,8,4.333333333333333,0.6153846153846154
348,29,139,24,4.793103448275862,0.17266187050359713
349,8,47,13,5.875,0.2765957446808511
350,15,190,100,12.666666666666666,0.5263157894736842
351,15,191,132,12.733333333333333,0.6910994764397905
352,10,195,80,19.5,0.41025641025641024
353,12,123,32,10.25,0.2601626016260163
354,5,7,5,1.4,0.7142857142857143
355,14,153,74,10.928571428571429,0.48366013071895425
356,3,23,1,7.666666666666667,0.043478260869565216
357,9,172,121,19.11111111111111,0.7034883720930233
358,8,57,21,7.125,0.3684210526315789
359,16,220,95,13.75,0.4318181818181818
360,3,16,3,5.333333333333333,0.1875
361,7,90,25,12.857142857142858,0.2777777777777778
362,11,111,35,10.090909090909092,0.3153153153153153
363,13,225,109,17.307692307692307,0.48444444444444446
364,18,177,120,9.833333333333334,0.6779661016949152
365,16,38,20,2.375,0.5263157894736842
366,3,39,3,13.0,0.07692307692307693
367,4,78,32,19.5,0.41025641025641024
368,4,7,1,1.75,0.14285714285714285
369,16,121,65,7.5625,0.5371900826446281
370,28,339,216,12.107142857142858,0.6371681415929203
371,4,36,13,9.0,0.3611111111111111
372,13,93,36,7.153846153846154,0.3870967741935484
373,58,568,395,9.793103448275861,0.6954225352112676
374,17,25,18,1.4705882352941178,0.72
375,8,158,95,19.75,0.6012658227848101
376,9,102,55,11.333333333333334,0.5392156862745098
377,4,34,3,8.5,0.08823529411764706
378,9,23,13,2.5555555555555554,0.5652173913043478
379,20,201,80,10.05,0.39800995024875624
380,13,51,29,3.923076923076923,0.5686274509803921
381,16,355,196,22.1875,0.5521126760563381
382,30,224,138,7.466666666666667,0.6160714285714286
383,10,103,50,10.3,0.4854368932038835
384,10,26,14,2.6,0.5384615384615384
385,5,42,14,8.4,0.3333333333333333
386,4,38,6,9.5,0.15789473684210525
387,9,65,30,7.222222222222222,0.46153846153846156
388,10,14,8,1.4,0.5714285714285714
389,12,201,110,16.75,0.5472636815920398
390,23,417,288,18.130434782608695,0.6906474820143885
391,24,212,144,8.833333333333334,0.6792452830188679
392,6,15,12,2.5,0.8
393,11,233,99,21.181818181818183,0.4248927038626609
394,5,198,72,39.6,0.36363636363636365
395,4,19,1,4.75,0.05263157894736842
396,19,304,192,16.0,0.631578947368421
397,3,18,3,6.0,0.16666666666666666
398,53,441,337,8.320754716981131,0.764172335600907
399,4,33,4,8.25,0.12121212121212122
400,5,74,32,14.8,0.43243243243243246
401,5,61,12,12.2,0.19672131147540983
402,5,11,7,2.2,0.6363636363636364
403,33,458,222,13.878787878787879,0.4847161572052402
404,7,53,3,7.571428571428571,0.05660377358490566
405,5,45,6,9.0,0.13333333333333333
406,5,69,12,13.8,0.17391304347826086
407,4,73,12,18.25,0.1643835616438356
408,4,36,4,9.0,0.1111111111111111
409,87,866,707,9.954022988505747,0.8163972286374134
410,28,566,365,20.214285714285715,0.6448763250883393
411,12,70,50,5.833333333333333,0.7142857142857143
412,5,47,1,9.4,0.02127659574468085
413,20,238,143,11.9,0.6008403361344538
414,4,32,4,8.0,0.125
415,6,50,26,8.333333333333334,0.52
416,4,37,13,9.25,0.35135135135135137
417,10,88,22,8.8,0.25
418,8,167,60,20.875,0.3592814371257485
419,25,73,43,2.92,0.589041095890411
420,22,128,59,5.818181818181818,0.4609375
421,4,20,7,5.0,0.35
422,27,270,195,10.0,0.7222222222222222
423,42,100,70,2.380952380952381,0.7
424,4,7,3,1.75,0.42857142857142855
425,8,113,39,14.125,0.34513274336283184
426,14,44,34,3.142857142857143,0.7727272727272727
427,8,43,20,5.375,0.46511627906976744
428,3,28,3,9.333333333333334,0.10714285714285714
429,30,106,59,3.533333333333333,0.5566037735849056
430,9,73,24,8.11111111111111,0.3287671232876712
431,10,13,11,1.3,0.8461538461538461
432,53,454,330,8.566037735849056,0.7268722466960352
433,6,45,14,7.5,0.3111111111111111
434,5,43,14,8.6,0.32558139534883723
435,14,159,109,11.357142857142858,0.6855345911949685
436,16,48,22,3.0,0.4583333333333333
437,20,196,57,9.8,0.29081632653061223
438,12,185,111,15.416666666666666,0.6
439,9,129,33,14.333333333333334,0.2558139534883721
440,18,44,27,2.4444444444444446,0.6136363636363636
441,15,72,43,4.8,0.5972222222222222
442,13,174,75,13.384615384615385,0.43103448275862066
443,10,141,53,14.1,0.375886524822695
444,43,1211,1050,28.162790697674417,0.8670520231213873
445,4,22,5,5.5,0.22727272727272727
446,9,46,6,5.111111111111111,0.13043478260869565
447,5,17,7,3.4,0.4117647058823529
448,34,466,366,13.705882352941176,0.7854077253218884
449,22,121,65,5.5,0.5371900826446281
450,17,187,98,11.0,0.5240641711229946
451,32,242,192,7.5625,0.7933884297520661
452,25,316,158,12.64,0.5
453,14,104,73,7.428571428571429,0.7019230769230769
454,55,671,511,12.2,0.7615499254843517
455,7,66,15,9.428571428571429,0.22727272727272727
456,7,35,10,5.0,0.2857142857142857
457,5,67,32,13.4,0.47761194029850745
458,14,160,129,11.428571428571429,0.80625
459,24,117,90,4.875,0.7692307692307693
460,3,38,7,12.666666666666666,0.18421052631578946
461,4,19,10,4.75,0.5263157894736842
462,59,1144,979,19.389830508474578,0.8557692307692307
463,7,85,23,12.142857142857142,0.27058823529411763
464,49,388,221,7.918367346938775,0.5695876288659794
465,41,500,331,12.195121951219512,0.662
466,32,720,464,22.5,0.6444444444444445
467,5,55,21,11.0,0.38181818181818183
468,7,25,15,3.5714285714285716,0.6
469,9,60,25,6.666666666666667,0.4166666666666667
470,17,81,50,4.764705882352941,0.6172839506172839
471,7,147,56,21.0,0.38095238095238093
472,5,10,3,2.0,0.3
473,12,251,139,20.916666666666668,0.5537848605577689
474,29,179,95,6.172413793103448,0.5307262569832403
475,29,179,79,6.172413793103448,0.441340782122905
476,17,229,102,13.470588235294118,0.44541484716157204
477,5,22,7,4.4,0.3181818181818182
478,9,77,7,8.555555555555555,0.09090909090909091
479,24,249,162,10.375,0.6506024096385542
480,13,189,74,14.538461538461538,0.3915343915343915
481,36,460,347,12.777777777777779,0.7543478260869565
482,9,116,65,12.88888888888889,0.5603448275862069
483,10,21,16,2.1,0.7619047619047619
484,11,39,22,3.5454545454545454,0.5641025641025641
485,12,143,84,11.916666666666666,0.5874125874125874
486,13,317,193,24.384615384615383,0.6088328075709779
487,34,518,354,15.235294117647058,0.6833976833976834
488,7,143,37,20.428571428571427,0.25874125874125875
489,8,95,27,11.875,0.28421052631578947
490,4,5,1,1.25,0.2
491,4,39,9,9.75,0.23076923076923078
492,5,57,29,11.4,0.5087719298245614
493,8,89,47,11.125,0.5280898876404494
494,4,131,52,32.75,0.3969465648854962
495,25,330,203,13.2,0.6151515151515151
496,82,452,344,5.512195121951219,0.7610619469026548
497,10,167,91,16.7,0.5449101796407185
498,12,134,41,11.166666666666666,0.30597014925373134
499,7,73,21,10.428571428571429,0.2876712328767123
500,3,38,15,12.666666666666666,0.39473684210526316
501,7,85,32,12.142857142857142,0.3764705882352941
502,8,175,105,21.875,0.6
503,36,334,205,9.277777777777779,0.6137724550898204
504,5,40,11,8.0,0.275
505,3,13,1,4.333333333333333,0.07692307692307693
506,5,16,5,3.2,0.3125
507,7,133,33,19.0,0.24812030075187969
508,19,238,153,12.526315789473685,0.6428571428571429
509,12,157,84,13.083333333333334,0.535031847133758
510,9,54,9,6.0,0.16666666666666666
511,6,65,12,10.833333333333334,0.18461538461538463
512,5,76,17,15.2,0.2236842105263158
513,4,12,0,3.0,0.0
514,6,32,15,5.333333333333333,0.46875
515,20,77,44,3.85,0.5714285714285714
516,93,900,734,9.67741935483871,0.8155555555555556
517,5,35,22,7.0,0.6285714285714286
518,6,24,9,4.0,0.375
519,11,29,21,2.6363636363636362,0.7241379310344828
520,30,259,147,8.633333333333333,0.5675675675675675
521,7,30,14,4.285714285714286,0.4666666666666667
522,10,64,24,6.4,0.375
523,13,62,25,4.769230769230769,0.4032258064516129
524,6,83,36,13.833333333333334,0.43373493975903615
525,37,199,124,5.378378378378378,0.6231155778894473
526,5,189,107,37.8,0.5661375661375662
527,4,8,4,2.0,0.5
528,35,507,380,14.485714285714286,0.7495069033530573
529,50,324,193,6.48,0.595679012345679
530,4,59,5,14.75,0.0847457627118644
531,30,171,107,5.7,0.6257309941520468
532,5,74,18,14.8,0.24324324324324326
533,5,42,9,8.4,0.21428571428571427
534,8,14,6,1.75,0.42857142857142855
535,28,200,96,7.142857142857143,0.48
536,4,38,9,9.5,0.23684210526315788
537,5,20,1,4.0,0.05
538,27,240,116,8.88888888888889,0.48333333333333334
539,17,159,99,9.352941176470589,0.6226415094339622
540,6,53,2,8.833333333333334,0.03773584905660377
541,6,31,3,5.166666666666667,0.0967741935483871
542,4,17,5,4.25,0.29411764705882354
543,11,124,59,11.272727272727273,0.47580645161290325
544,5,24,4,4.8,0.16666666666666666
545,5,59,17,11.8,0.288135593220339
546,7,16,9,2.2857142857142856,0.5625
547,11,216,96,19.636363636363637,0.4444444444444444
548,7,68,23,9.714285714285714,0.3382352941176471
549,11,82,28,7.454545454545454,0.34146341463414637
550,5,154,76,30.8,0.4935064935064935
551,10,86,26,8.6,0.3023255813953488
552,13,81,59,6.230769230769231,0.7283950617283951
553,9,119,33,13.222222222222221,0.2773109243697479
554,7,81,35,11.571428571428571,0.43209876543209874
555,12,110,58,9.166666666666666,0.5272727272727272
556,3,32,0,10.666666666666666,0.0
557,5,59,11,11.8,0.1864406779661017
558,28,320,153,11.428571428571429,0.478125
559,23,267,170,11.608695652173912,0.6367041198501873
560,35,169,134,4.828571428571428,0.7928994082840237
561,5,8,3,1.6,0.375
562,52,65,52,1.25,0.8
563,6,56,15,9.333333333333334,0.26785714285714285
564,9,177,79,19.666666666666668,0.4463276836158192
565,6,19,5,3.1666666666666665,0.2631578947368421
566,14,156,58,11.142857142857142,0.3717948717948718
567,22,290,177,13.181818181818182,0.6103448275862069
568,11,85,32,7.7272727272727275,0.3764705882352941
569,4,7,2,1.75,0.2857142857142857
570,7,83,37,11.857142857142858,0.4457831325301205
571,7,82,36,11.714285714285714,0.43902439024390244
572,4,30,10,7.5,0.3333333333333333
573,16,84,46,5.25,0.5476190476190477
574,11,96,43,8.727272727272727,0.4479166666666667
575,5,12,2,2.4,0.16666666666666666
576,6,47,19,7.833333333333333,0.40425531914893614
577,6,79,27,13.166666666666666,0.34177215189873417
578,3,34,15,11.333333333333334,0.4411764705882353
579,3,15,0,5.0,0.0
580,22,241,90,10.954545454545455,0.37344398340248963
581,3,28,1,9.333333333333334,0.03571428571428571
582,22,383,244,17.40909090909091,0.6370757180156658
583,34,703,483,20.676470588235293,0.6870554765291608
584,9,70,39,7.777777777777778,0.5571428571428572
585,12,57,24,4.75,0.42105263157894735
586,5,36,13,7.2,0.3611111111111111
587,13,112,35,8.615384615384615,0.3125
588,18,144,54,8.0,0.375
589,4,72,31,18.0,0.4305555555555556
590,4,36,11,9.0,0.3055555555555556
591,8,19,4,2.375,0.21052631578947367
592,5,38,9,7.6,0.23684210526315788
593,18,35,26,1.9444444444444444,0.7428571428571429
594,6,18,7,3.0,0.3888888888888889
595,8,64,15,8.0,0.234375
596,64,793,593,12.390625,0.7477931904161412
597,8,107,48,13.375,0.4485981308411215
598,7,21,6,3.0,0.2857142857142857
599,33,86,54,2.606060606060606,0.627906976744186
600,8,153,104,19.125,0.6797385620915033
601,9,92,37,10.222222222222221,0.40217391304347827
602,8,38,23,4.75,0.6052631578947368
603,6,101,15,16.833333333333332,0.1485148514851485
604,28,420,224,15.0,0.5333333333333333
605,6,189,77,31.5,0.4074074074074074
606,31,180,75,5.806451612903226,0.4166666666666667
607,11,109,58,9.909090909090908,0.5321100917431193
608,14,61,40,4.357142857142857,0.6557377049180327
609,19,127,75,6.684210526315789,0.5905511811023622
610,3,49,16,16.333333333333332,0.32653061224489793
611,17,170,124,10.0,0.7294117647058823
612,40,565,460,14.125,0.8141592920353983
613,12,165,108,13.75,0.6545454545454545
614,4,38,11,9.5,0.2894736842105263
615,4,33,3,8.25,0.09090909090909091
616,29,352,195,12.137931034482758,0.5539772727272727
617,11,84,22,7.636363636363637,0.2619047619047619
618,27,472,222,17.48148148148148,0.4703389830508475
619,5,5,4,1.0,0.8
620,6,13,10,2.1666666666666665,0.7692307692307693
621,4,119,46,29.75,0.3865546218487395
622,5,48,23,9.6,0.4791666666666667
623,12,196,131,16.333333333333332,0.6683673469387755
624,6,37,12,6.166666666666667,0.32432432432432434
625,4,82,47,20.5,0.573170731707317
626,95,816,600,8.589473684210526,0.7352941176470589
627,3,4,1,1.3333333333333333,0.25
628,4,85,34,21.25,0.4
629,7,41,9,5.857142857142857,0.21951219512195122
630,41,312,244,7.609756097560975,0.782051282051282
631,7,56,21,8.0,0.375
632,6,24,7,4.0,0.2916666666666667
633,4,15,4,3.75,0.26666666666666666
634,12,91,43,7.583333333333333,0.4725274725274725
635,23,99,74,4.304347826086956,0.7474747474747475
636,22,32,14,1.4545454545454546,0.4375
637,18,135,67,7.5,0.4962962962962963
638,21,179,98,8.523809523809524,0.547486033519553
639,4,61,15,15.25,0.2459016393442623
640,3,26,2,8.666666666666666,0.07692307692307693
641,30,315,212,10.5,0.6730158730158731
642,6,47,13,7.833333333333333,0.2765957446808511
643,9,100,45,11.11111111111111,0.45
644,4,14,4,3.5,0.2857142857142857
645,39,223,135,5.717948717948718,0.6053811659192825
646,57,346,291,6.0701754385964914,0.8410404624277457
647,10,81,13,8.1,0.16049382716049382
648,5,75,13,15.0,0.17333333333333334
649,46,906,724,19.695652173913043,0.7991169977924945
650,10,118,71,11.8,0.6016949152542372
651,14,124,66,8.857142857142858,0.532258064516129
652,95,497,443,5.231578947368421,0.8913480885311871
653,25,384,231,15.36,0.6015625
654,8,13,5,1.625,0.38461538461538464
655,79,684,459,8.658227848101266,0.6710526315789473
656,3,31,10,10.333333333333334,0.3225806451612903
657,31,324,133,10.451612903225806,0.4104938271604938
658,32,593,462,18.53125,0.7790893760539629
659,3,18,1,6.0,0.05555555555555555
660,9,108,55,12.0,0.5092592592592593
661,9,82,39,9.11111111111111,0.47560975609756095
662,12,149,80,12.416666666666666,0.5369127516778524
663,4,17,5,4.25,0.29411764705882354
664,7,57,21,8.142857142857142,0.3684210526315789
665,21,80,29,3.8095238095238093,0.3625
666,3,5,0,1.6666666666666667,0.0
667,76,906,715,11.921052631578947,0.7891832229580574
668,14,217,50,15.5,0.2304147465437788
669,29,294,125,10.137931034482758,0.42517006802721086
670,6,88,12,14.666666666666666,0.13636363636363635
671,9,221,128,24.555555555555557,0.579185520361991
672,19,338,251,17.789473684210527,0.742603550295858
673,6,75,26,12.5,0.3466666666666667
674,5,106,21,21.2,0.19811320754716982
675,10,79,30,7.9,0.379746835443038
676,12,22,15,1.8333333333333333,0.6818181818181818
677,6,7,0,1.1666666666666667,0.0
678,21,346,238,16.476190476190474,0.6878612716763006
679,8,68,35,8.5,0.5147058823529411
680,7,15,2,2.142857142857143,0.13333333333333333
681,5,94,20,18.8,0.2127659574468085
682,20,76,35,3.8,0.4605263157894737
683,6,120,44,20.0,0.36666666666666664
684,27,98,83,3.6296296296296298,0.8469387755102041
685,5,50,23,10.0,0.46
686,3,10,3,3.3333333333333335,0.3
687,20,788,586,39.4,0.7436548223350253
688,63,377,272,5.984126984126984,0.7214854111405835
689,4,64,13,16.0,0.203125
690,100,861,658,8.61,0.7642276422764228
691,23,46,21,2.0,0.45652173913043476
692,12,119,32,9.916666666666666,0.2689075630252101
693,5,39,5,7.8,0.1282051282051282
694,9,59,15,6.555555555555555,0.2542372881355932
695,4,48,5,12.0,0.10416666666666667
696,39,313,227,8.025641025641026,0.7252396166134185
697,6,8,4,1.3333333333333333,0.5
698,5,86,36,17.2,0.4186046511627907
699,37,611,441,16.513513513513512,0.7217675941080196
700,9,73,37,8.11111111111111,0.5068493150684932
701,7,66,7,9.428571428571429,0.10606060606060606
702,26,56,33,2.1538461538461537,0.5892857142857143
703,10,171,105,17.1,0.6140350877192983
704,7,100,50,14.285714285714286,0.5
705,7,50,11,7.142857142857143,0.22
706,10,93,36,9.3,0.3870967741935484
707,13,52,21,4.0,0.40384615384615385
708,15,42,24,2.8,0.5714285714285714
709,6,212,71,35.333333333333336,0.33490566037735847
710,17,173,102,10.176470588235293,0.5895953757225434
711,6,21,11,3.5,0.5238095238095238
712,5,19,8,3.8,0.42105263157894735
713,16,106,25,6.625,0.2358490566037736
714,16,49,26,3.0625,0.5306122448979592
715,14,29,14,2.0714285714285716,0.4827586206896552
716,5,56,1,11.2,0.017857142857142856
717,8,13,3,1.625,0.23076923076923078
718,4,24,4,6.0,0.16666666666666666
719,73,917,590,12.561643835616438,0.64340239912759
720,23,309,191,13.434782608695652,0.6181229773462783
721,18,234,132,13.0,0.5641025641025641
722,9,95,47,10.555555555555555,0.49473684210526314
723,14,308,159,22.0,0.5162337662337663
724,4,31,1,7.75,0.03225806451612903
725,10,129,72,12.9,0.5581395348837209
726,8,47,22,5.875,0.46808510638297873
727,22,336,259,15.272727272727273,0.7708333333333334
728,19,277,121,14.578947368421053,0.4368231046931408
729,60,353,320,5.883333333333334,0.9065155807365439
730,11,99,33,9.0,0.3333333333333333
731,10,93,38,9.3,0.40860215053763443
732,41,160,71,3.902439024390244,0.44375
733,5,29,15,5.8,0.5172413793103449
734,7,240,87,34.285714285714285,0.3625
735,10,204,107,20.4,0.5245098039215687
736,4,90,22,22.5,0.24444444444444444
737,16,115,73,7.1875,0.6347826086956522
738,7,86,38,12.285714285714286,0.4418604651162791
739,3,36,2,12.0,0.05555555555555555
740,5,75,6,15.0,0.08
741,30,284,146,9.466666666666667,0.5140845070422535
742,14,119,38,8.5,0.31932773109243695
743,6,47,14,7.833333333333333,0.2978723404255319
744,5,22,5,4.4,0.22727272727272727
745,9,63,18,7.0,0.2857142857142857
746,9,37,21,4.111111111111111,0.5675675675675675
747,7,75,34,10.714285714285714,0.4533333333333333
748,4,33,8,8.25,0.24242424242424243
749,10,102,23,10.2,0.22549019607843138
750,4,14,3,3.5,0.21428571428571427
751,7,31,18,4.428571428571429,0.5806451612903226
752,11,104,58,9.454545454545455,0.5576923076923077
753,4,50,7,12.5,0.14
754,14,67,37,4.785714285714286,0.5522388059701493
755,13,118,60,9.076923076923077,0.5084745762711864
756,22,297,141,13.5,0.47474747474747475
757,6,47,3,7.833333333333333,0.06382978723404255
758,33,218,130,6.606060606060606,0.5963302752293578
759,4,12,1,3.0,0.08333333333333333
760,5,11,5,2.2,0.45454545454545453
761,9,104,38,11.555555555555555,0.36538461538461536
762,46,455,316,9.891304347826088,0.6945054945054945
763,3,10,1,3.3333333333333335,0.1
764,3,58,26,19.333333333333332,0.4482758620689655
765,6,20,6,3.3333333333333335,0.3
766,15,137,45,9.133333333333333,0.3284671532846715
767,32,286,91,8.9375,0.3181818181818182
768,34,438,319,12.882352941176471,0.728310502283105
769,13,102,43,7.846153846153846,0.4215686274509804
770,5,50,8,10.0,0.16
771,3,21,3,7.0,0.14285714285714285
772,10,44,19,4.4,0.4318181818181818
773,9,55,11,6.111111111111111,0.2
774,11,111,58,10.090909090909092,0.5225225225225225
775,9,74,40,8.222222222222221,0.5405405405405406
776,4,13,3,3.25,0.23076923076923078
777,27,116,86,4.296296296296297,0.7413793103448276
778,42,349,185,8.30952380952381,0.5300859598853869
779,7,127,38,18.142857142857142,0.2992125984251969
780,18,102,50,5.666666666666667,0.49019607843137253
781,8,23,6,2.875,0.2608695652173913
782,5,83,17,16.6,0.20481927710843373
783,4,4,1,1.0,0.25
784,8,75,21,9.375,0.28
785,10,77,23,7.7,0.2987012987012987
786,100,1020,861,10.2,0.8441176470588235
787,40,223,125,5.575,0.5605381165919282
788,4,25,10,6.25,0.4
789,12,49,34,4.083333333333333,0.6938775510204082
790,5,27,8,5.4,0.2962962962962963
791,14,80,43,5.714285714285714,0.5375
792,9,120,51,13.333333333333334,0.425
793,5,13,8,2.6,0.6153846153846154
794,5,41,6,8.2,0.14634146341463414
795,13,39,20,3.0,0.5128205128205128
796,8,168,88,21.0,0.5238095238095238
797,19,139,67,7.315789473684211,0.48201438848920863
798,12,67,51,5.583333333333333,0.7611940298507462
799,16,115,89,7.1875,0.7739130434782608
800,22,90,48,4.090909090909091,0.5333333333333333
801,6,38,11,6.333333333333333,0.2894736842105263
802,6,98,28,16.333333333333332,0.2857142857142857
803,8,105,31,13.125,0.29523809523809524
804,16,118,85,7.375,0.7203389830508474
805,5,65,16,13.0,0.24615384615384617
806,13,28,18,2.1538461538461537,0.6428571428571429
807,21,26,19,1.2380952380952381,0.7307692307692307
808,4,31,1,7.75,0.03225806451612903
809,22,179,98,8.136363636363637,0.547486033519553
810,3,22,8,7.333333333333333,0.36363636363636365
811,7,79,39,11.285714285714286,0.4936708860759494
812,47,846,646,18.0,0.7635933806146572
813,5,18,2,3.6,0.1111111111111111
814,4,23,11,5.75,0.4782608695652174
815,3,23,2,7.666666666666667,0.08695652173913043
816,5,172,65,34.4,0.37790697674418605
817,15,154,97,10.266666666666667,0.6298701298701299
818,70,439,375,6.271428571428571,0.8542141230068337
819,4,53,28,13.25,0.5283018867924528
820,5,55,21,11.0,0.38181818181818183
821,4,47,6,11.75,0.1276595744680851
822,4,83,21,20.75,0.25301204819277107
823,6,23,17,3.8333333333333335,0.7391304347826086
824,22,116,42,5.2727272727272725,0.3620689655172414
825,9,33,17,3.6666666666666665,0.5151515151515151
826,3,12,8,4.0,0.6666666666666666
827,7,41,11,5.857142857142857,0.2682926829268293
828,6,11,2,1.8333333333333333,0.18181818181818182
829,4,14,2,3.5,0.14285714285714285
830,6,98,48,16.333333333333332,0.4897959183673469
831,20,105,56,5.25,0.5333333333333333
832,5,65,29,13.0,0.4461538461538462
833,12,234,93,19.5,0.3974358974358974
834,21,235,130,11.19047619047619,0.5531914893617021
835,5,14,4,2.8,0.2857142857142857
836,14,33,22,2.357142857142857,0.6666666666666666
837,4,73,43,18.25,0.589041095890411
838,24,64,21,2.6666666666666665,0.328125
839,27,576,400,21.333333333333332,0.6944444444444444
840,10,54,22,5.4,0.4074074074074074
841,16,187,72,11.6875,0.3850267379679144
842,12,198,127,16.5,0.6414141414141414
843,4,42,15,10.5,0.35714285714285715
844,19,107,74,5.631578947368421,0.6915887850467289
845,23,284,209,12.347826086956522,0.7359154929577465
846,5,82,11,16.4,0.13414634146341464
847,38,673,540,17.710526315789473,0.8023774145616642
848,44,318,276,7.2272727272727275,0.8679245283018868
849,30,117,72,3.9,0.6153846153846154
850,7,63,33,9.0,0.5238095238095238
851,6,64,26,10.666666666666666,0.40625
852,38,577,496,15.18421052631579,0.8596187175043327
853,18,100,61,5.555555555555555,0.61
854,84,768,561,9.142857142857142,0.73046875
855,16,303,193,18.9375,0.636963696369637
856,5,32,3,6.4,0.09375
857,47,550,466,11.702127659574469,0.8472727272727273
858,30,62,42,2.066666666666667,0.6774193548387096
859,8,136,81,17.0,0.5955882352941176
860,19,184,98,9.68421052631579,0.532608695652174
861,3,4,0,1.3333333333333333,0.0
862,7,42,6,6.0,0.14285714285714285
863,11,225,102,20.454545454545453,0.4533333333333333
864,30,164,137,5.466666666666667,0.8353658536585366
865,4,16,1,4.0,0.0625
866,23,526,359,22.869565217391305,0.6825095057034221
867,6,23,11,3.8333333333333335,0.4782608695652174
868,86,471,324,5.476744186046512,0.6878980891719745
869,4,43,10,10.75,0.23255813953488372
870,44,687,525,15.613636363636363,0.7641921397379913
871,8,11,3,1.375,0.2727272727272727
872,5,54,21,10.8,0.3888888888888889
873,9,156,73,17.333333333333332,0.46794871794871795
874,14,193,120,13.785714285714286,0.6217616580310881
875,5,23,10,4.6,0.43478260869565216
876,4,47,4,11.75,0.0851063829787234
877,12,131,69,10.916666666666666,0.5267175572519084
878,6,29,1,4.833333333333333,0.034482758620689655
879,57,513,248,9.0,0.4834307992202729
880,50,474,385,9.48,0.8122362869198312
881,18,406,287,22.555555555555557,0.7068965517241379
882,5,28,5,5.6,0.17857142857142858
883,13,55,23,4.230769230769231,0.41818181818181815
884,4,48,10,12.0,0.20833333333333334
885,22,104,72,4.7272727272727275,0.6923076923076923
886,23,150,92,6.521739130434782,0.6133333333333333
887,9,117,50,13.0,0.42735042735042733
888,16,159,100,9.9375,0.6289308176100629
889,6,41,13,6.833333333333333,0.3170731707317073
890,21,340,212,16.19047619047619,0.6235294117647059
891,16,243,152,15.1875,0.6255144032921811
892,13,128,36,9.846153846153847,0.28125
893,28,232,139,8.285714285714286,0.5991379310344828
894,66,1404,1099,21.272727272727273,0.7827635327635327
895,6,29,6,4.833333333333333,0.20689655172413793
896,26,379,243,14.576923076923077,0.6411609498680739
897,5,65,26,13.0,0.4
898,53,265,158,5.0,0.5962264150943396
899,11,154,37,14.0,0.24025974025974026
900,8,216,86,27.0,0.39814814814814814
901,5,20,1,4.0,0.05
902,3,46,1,15.333333333333334,0.021739130434782608
903,7,62,17,8.857142857142858,0.27419354838709675
904,8,24,15,3.0,0.625
905,5,44,4,8.8,0.09090909090909091
906,5,68,22,13.6,0.3235294117647059
907,24,290,214,12.083333333333334,0.7379310344827587
908,5,166,53,33.2,0.3192771084337349
909,4,12,4,3.0,0.3333333333333333
910,12,20,8,1.6666666666666667,0.4
911,39,545,406,13.974358974358974,0.744954128440367
912,7,63,18,9.0,0.2857142857142857
913,28,149,102,5.321428571428571,0.6845637583892618
914,33,330,181,10.0,0.5484848484848485
915,10,123,53,12.3,0.43089430894308944
916,7,23,13,3.2857142857142856,0.5652173913043478
917,26,572,402,22.0,0.7027972027972028
918,4,37,12,9.25,0.32432432432432434
919,11,150,70,13.636363636363637,0.4666666666666667
920,5,21,13,4.2,0.6190476190476191
921,13,72,26,5.538461538461538,0.3611111111111111
922,4,52,8,13.0,0.15384615384615385
923,13,82,15,6.3076923076923075,0.18292682926829268
924,14,412,202,29.428571428571427,0.49029126213592233
925,4,24,11,6.0,0.4583333333333333
926,7,45,18,6.428571428571429,0.4
927,4,41,8,10.25,0.1951219512195122
928,9,29,22,3.2222222222222223,0.7586206896551724
929,4,47,4,11.75,0.0851063829787234
930,5,31,8,6.2,0.25806451612903225
931,3,46,5,15.333333333333334,0.10869565217391304
932,32,234,157,7.3125,0.6709401709401709
933,33,385,229,11.666666666666666,0.5948051948051948
934,6,8,4,1.3333333333333333,0.5
935,19,282,111,14.842105263157896,0.39361702127659576
936,7,32,20,4.571428571428571,0.625
937,11,84,25,7.636363636363637,0.2976190476190476
938,15,28,18,1.8666666666666667,0.6428571428571429
939,7,66,22,9.428571428571429,0.3333333333333333
940,8,111,42,13.875,0.3783783783783784
941,10,103,57,10.3,0.5533980582524272
942,9,71,30,7.888888888888889,0.4225352112676056
943,4,10,5,2.5,0.5
944,4,37,7,9.25,0.1891891891891892
945,9,139,60,15.444444444444445,0.4316546762589928
946,19,330,153,17.36842105263158,0.4636363636363636
947,40,372,281,9.3,0.7553763440860215
948,10,53,6,5.3,0.11320754716981132
949,9,17,10,1.8888888888888888,0.5882352941176471
950,16,133,108,8.3125,0.8120300751879699
951,4,48,11,12.0,0.22916666666666666
952,4,17,1,4.25,0.058823529411764705
953,10,127,62,12.7,0.4881889763779528
954,12,96,34,8.0,0.3541666666666667
955,5,30,5,6.0,0.16666666666666666
956,12,86,36,7.166666666666667,0.4186046511627907
957,33,208,143,6.303030303030303,0.6875
958,38,472,373,12.421052631578947,0.7902542372881356
959,9,119,48,13.222222222222221,0.40336134453781514
960,19,154,85,8.105263157894736,0.551948051948052
961,49,379,274,7.73469387755102,0.7229551451187335
962,28,304,167,10.857142857142858,0.5493421052631579
963,48,306,162,6.375,0.5294117647058824
964,99,718,542,7.252525252525253,0.754874651810585
965,5,51,25,10.2,0.49019607843137253
966,15,155,44,10.333333333333334,0.2838709677419355
967,5,49,4,9.8,0.08163265306122448
968,59,573,432,9.711864406779661,0.7539267015706806
969,11,222,134,20.181818181818183,0.6036036036036037
970,7,28,5,4.0,0.17857142857142858
971,25,28,22,1.12,0.7857142857142857
972,22,240,150,10.909090909090908,0.625
973,26,579,414,22.26923076923077,0.7150259067357513
974,7,95,15,13.571428571428571,0.15789473684210525
975,31,217,115,7.0,0.5299539170506913
976,5,85,47,17.0,0.5529411764705883
977,14,101,63,7.214285714285714,0.6237623762376238
978,14,215,73,15.357142857142858,0.3395348837209302
979,15,63,22,4.2,0.3492063492063492
980,46,357,181,7.760869565217392,0.5070028011204482
981,7,49,11,7.0,0.22448979591836735
982,14,534,361,38.142857142857146,0.6760299625468165
983,7,99,31,14.142857142857142,0.31313131313131315
984,51,412,242,8.07843137254902,0.587378640776699
985,10,52,21,5.2,0.40384615384615385
986,21,21,20,1.0,0.9523809523809523
987,8,57,11,7.125,0.19298245614035087
988,3,5,1,1.6666666666666667,0.2
989,4,24,11,6.0,0.4583333333333333
990,10,45,27,4.5,0.6
991,6,12,2,2.0,0.16666666666666666
992,22,73,42,3.3181818181818183,0.5753424657534246
993,13,99,34,7.615384615384615,0.3434343434343434
994,11,195,131,17.727272727272727,0.6717948717948717
995,35,293,186,8.371428571428572,0.6348122866894198
996,5,55,21,11.0,0.38181818181818183
997,17,114,49,6.705882352941177,0.4298245614035088
998,26,345,244,13.26923076923077,0.7072463768115942
999,38,1001,705,26.342105263157894,0.7042957042957043
1000,8,119,84,14.875,0.7058823529411765
